<?xml version="1.0" encoding="UTF-8"?>
<project-private xmlns="http://www.netbeans.org/ns/project-private/1">
    <editor-bookmarks xmlns="http://www.netbeans.org/ns/editor-bookmarks/2" lastBookmarkId="0"/>
    <open-files xmlns="http://www.netbeans.org/ns/projectui-open-files/2">
        <group>
            <file>file:/C:/Users/sarat/OneDrive/Documents/NetBeansProjects/TaskDataBase/src/taskdatabase/Gui.java</file>
            <file>file:/C:/Users/sarat/OneDrive/Documents/NetBeansProjects/TaskDataBase/src/taskdatabase/SignUp.java</file>
            <file>file:/C:/Users/sarat/OneDrive/Documents/NetBeansProjects/TaskDataBase/src/taskdatabase/Player.java</file>
            <file>file:/C:/Users/sarat/OneDrive/Documents/NetBeansProjects/TaskDataBase/src/taskdatabase/TaskDataBase.java</file>
        </group>
    </open-files>
</project-private>
